data_publicada,titulo_publicado,url,nome_arquivo,responsavel,passagem_1,passagem_2,passagem_3,passagem_4,passagem_5,qtde_tokens_pass_1,qtde_tokens_pass_2,qtde_tokens_pass_3,qtde_tokens_pass_4,qtde_tokens_pass_5,qtde_total_tokens
2023-11-09,187-2023-PRE-Ofício Circular,https://www.b3.com.br/data/files/73/E7/C5/27/2D5BB810D8191BB8DC0D8AA8/OC 187-2023 PRE Alteração na Regra de Cadastro Automático de Vencimentos de DAP (PT).pdf,2023-11-09|187-2023-PRE-Ofício Circular.pdf,,,,,,,,,,,,
2023-11-09,107-2023-VNC-Comunicado Externo,https://www.b3.com.br/data/files/78/67/00/8C/C05BB810F2AB77B8AC094EA8/CE 107-2023-VNC Lançamento das sessões de Renda Fixa Trademate_PT.pdf,2023-11-09|107-2023-VNC-Comunicado Externo.pdf,,,,,,,,,,,,
2023-11-09,058-2023-VPC-Comunicado Externo,https://www.b3.com.br/data/files/43/00/01/01/906BB810F2AB77B8AC094EA8/CE 058-2023-VPC Imposto de Renda da Pessoa Física (IRPF) – Cálculo Darf e Declaração Anual – ReVar.pdf,2023-11-09|058-2023-VPC-Comunicado Externo.pdf,,,,,,,,,,,,
2023-11-09,186-2023-PRE-Ofício Circular,https://www.b3.com.br/data/files/0F/44/94/03/744BB810D8191BB8DC0D8AA8/OC 186-2023 PRE Novas Regras e Parâmetros para Procedimentos Especiais de Negociação (PT).pdf,2023-11-09|186-2023-PRE-Ofício Circular.pdf,,,,,,,,,,,,
2023-11-09,108-2023-VNC-Comunicado Externo,https://www.b3.com.br/data/files/60/F7/D0/49/E05BB810F2AB77B8AC094EA8/CE 108-2023-VNC EntryPoint - Atualização das especificações técnicas para a funcionalidade Cancel on Behalf_PT.pdf,2023-11-09|108-2023-VNC-Comunicado Externo.pdf,,,,,,,,,,,,
2023-11-07,185-2023-PRE-Ofício Circular,https://www.b3.com.br/data/files/D7/C3/98/CC/20BAB810E97E07B8DC0D8AA8/OC 185-2023 PRE Novo Serviço de Conectividade OE binario e RFQ (PT).pdf,2023-11-07|185-2023-PRE-Ofício Circular.pdf,,,,,,,,,,,,
2023-11-07,105-2023-VNC-Comunicado Externo,https://www.b3.com.br/data/files/29/32/4E/D7/7EAAB810F2AB77B8AC094EA8/CE 105-2023-VNC Comunicado Externo_Trademate - Porta_PT.pdf,2023-11-07|105-2023-VNC-Comunicado Externo.pdf,,,,,,,,,,,,
2023-10-31,175-2023-PRE-Ofício Circular,https://www.b3.com.br/data/files/09/A7/30/5F/CB68B810E97E07B8DC0D8AA8/OC 175-2023 PRE Lançamento do Gateway Binário (Binary EntryPoint) (PT).pdf,2023-10-31|175-2023-PRE-Ofício Circular.pdf,,,,,,,,,,,,
2023-10-31,177-2023-PRE-Ofício Circular,https://www.b3.com.br/data/files/23/12/11/E3/2878B810E97E07B8DC0D8AA8/OC 177-2023 PRE  Alocação de grandes lotes (PT).pdf,2023-10-31|177-2023-PRE-Ofício Circular.pdf,,,,,,,,,,,,
2023-10-26,172-2023-PRE-Ofício Circular,https://www.b3.com.br/data/files/CE/25/DF/45/34C6B8108BB545B8DC0D8AA8/OC 172-2023 PRE SINQIA_Combinação (PT).pdf,2023-10-26|172-2023-PRE-Ofício Circular.pdf,,,,,,,,,,,,
2023-10-26,171-2023-PRE-Ofício Circular,https://www.b3.com.br/data/files/2A/03/B6/07/A3C6B8108BB545B8DC0D8AA8/OC 171-2023 PRE Adequações à Res. CVM 178 (PT).pdf,2023-10-26|171-2023-PRE-Ofício Circular.pdf,,,,,,,,,,,,
2023-10-26,103-2023-VNC-Comunicado Externo,https://www.b3.com.br/data/files/C6/61/1B/D5/4BC6B810EE51F2B8AC094EA8/CE 103-2023-VNC API Market Protection - Disponibilização dos dados de conectividade e início da certificação_PT.pdf,2023-10-26|103-2023-VNC-Comunicado Externo.pdf,,,,,,,,,,,,
2023-10-26,102-2023-VNC-Comunicado Externo,https://www.b3.com.br/data/files/BC/51/91/2D/2BC6B810EE51F2B8AC094EA8/CE 102-2023-VNC Alocação pelo preço médio - inicio de certificação_PT.pdf,2023-10-26|102-2023-VNC-Comunicado Externo.pdf,,,,,,,,,,,,
2023-10-24,099-2023-VNC-Comunicado Externo,https://www.b3.com.br/data/files/AA/D4/F5/61/4B26B810EE51F2B8AC094EA8/CE 099-2023-VNC Novos grupos de negociação para Estratégias_PT.pdf,2023-10-24|099-2023-VNC-Comunicado Externo.pdf,,,,,,,,,,,,
2023-10-24,100-2023-VNC-Comunicado Externo,https://www.b3.com.br/data/files/B3/25/76/FE/7B26B810EE51F2B8AC094EA8/CE 100-2023-VNC Market Data B3 - Novo cronograma de implementação da release de manutenção do Market Data Binário_PT.pdf,2023-10-24|100-2023-VNC-Comunicado Externo.pdf,,,,,,,,,,,,
2023-10-24,170-2023-PRE-Ofício Circular,https://www.b3.com.br/data/files/D1/B2/00/94/1936B8108BB545B8DC0D8AA8/OC 170-2023 PRE LiNe 5.0 - Afinidade por Núcleo de Negociação - Novo Cronograma (PT).pdf,2023-10-24|170-2023-PRE-Ofício Circular.pdf,,,,,,,,,,,,
2023-10-24,169-2023-PRE-Ofício Circular,https://www.b3.com.br/data/files/A5/27/D2/0D/B816B8108BB545B8DC0D8AA8/OC 169-2023 PRE Descontinuação dos Contratos de Ouro Ativo Financeiro na B3 (PT).pdf,2023-10-24|169-2023-PRE-Ofício Circular.pdf,,,,,,,,,,,,
2023-10-19,168-2023-PRE-Ofício Circular,https://www.b3.com.br/data/files/22/97/0C/C0/7E74B810DDBC40B8DC0D8AA8/OC 168-2023-PRE Processo Credenciamento Programa de FM para Trade at Settlement de Futuro de DI (PT) .pdf,2023-10-19|168-2023-PRE-Ofício Circular.pdf,,,,,,,,,,,,
2023-10-17,056-2023-VPC-Comunicado Externo,https://www.b3.com.br/data/files/4A/E1/DA/49/D3F3B810EE51F2B8AC094EA8/CE 056-2023-VPC Serviço de RCC_Simplificação no processo de definição de URs.pdf,2023-10-17|056-2023-VPC-Comunicado Externo.pdf,,,,,,,,,,,,
2023-10-17,097-2023-VNC-Comunicado Externo,https://www.b3.com.br/data/files/A2/B7/9B/12/BFE3B810EE51F2B8AC094EA8/CE 097-2023-VNC Alteração do tamanho mínimo para registro de ofertas diretas_202309_ErrataData_PT.pdf,2023-10-17|097-2023-VNC-Comunicado Externo.pdf,,,,,,,,,,,,
2023-10-17,055-2023-VPC-Comunicado Externo,https://www.b3.com.br/data/files/7C/76/F6/B3/F2F3B810EE51F2B8AC094EA8/CE 055-2023-VPC Curva Calculada Term SOFR.pdf,2023-10-17|055-2023-VPC-Comunicado Externo.pdf,,,,,,,,,,,,
2023-10-17,167-2023-PRE-Ofício Circular,https://www.b3.com.br/data/files/08/21/D5/4C/F0E3B810DDBC40B8DC0D8AA8/OC 167-2023 PRE Tratamento de Posições em virtude de OPA  Cancelamento de Registro da BR PROPERTIES S.A. (PT).pdf,2023-10-17|167-2023-PRE-Ofício Circular.pdf,,,,,,,,,,,,
2023-10-10,163-2023-PRE-Ofício Circular,https://www.b3.com.br/data/files/1C/C6/4E/49/F4A1B810DDBC40B8DC0D8AA8/OC 163-2023 PRE Atualização do ESG Workspace e Incorporação de Novos Módulos à Plataforma (PT).pdf,2023-10-10|163-2023-PRE-Ofício Circular.pdf,,,,,,,,,,,,
2023-10-10,096-2023-VNC-Comunicado Externo,https://www.b3.com.br/data/files/ED/67/3C/84/B1B1B810E9C1AAA8AC094EA8/CE 096-2023-VNC Alteração do tamanho mínimo para registro de ofertas diretas_PT.pdf,2023-10-10|096-2023-VNC-Comunicado Externo.pdf,,,,,,,,,,,,
2023-10-10,164-2023-PRE-Ofício Circular,https://www.b3.com.br/data/files/58/50/FF/7B/25A1B810DDBC40B8DC0D8AA8/OC 164-2023 PRE Tratamento das Carteiras de Índices da B3 em virtude de OPA da BR Properties S.A. (PT).pdf,2023-10-10|164-2023-PRE-Ofício Circular.pdf,,,,,,,,,,,,
2023-10-05,015-2023-VNC-Ofício Circular,https://www.b3.com.br/data/files/F2/E7/C0/D3/6020B810E9C1AAA8AC094EA8/OC 015-2023-VNC LiNe 5.0 - Afinidade por Núcleo de Negociação - Replanejamento das Ondas de Implementação_TF_Compliance.pdf,2023-10-05|015-2023-VNC-Ofício Circular.pdf,,,,,,,,,,,,
2023-10-03,094-2023-VNC-Comunicado Externo,https://www.b3.com.br/data/files/9D/54/16/1E/A27FA810E9C1AAA8AC094EA8/CE 094-2023-VNC Gateway Binário - Solicitação de Regras de Drop Copy_PT.pdf,2023-10-03|094-2023-VNC-Comunicado Externo.pdf,,,,,,,,,,,,
2023-10-03,092-2023-VNC-Comunicado Externo,https://www.b3.com.br/data/files/D6/43/3E/99/8C6FA810E9C1AAA8AC094EA8/CE 092-2023-VNC MRP e REG PROC - Vigência e Direito Intertemporal_PT.pdf,2023-10-03|092-2023-VNC-Comunicado Externo.pdf,,,,,,,,,,,,
2023-09-28,016-2023-VPC-Ofício Circular,https://www.b3.com.br/data/files/5C/16/62/79/AECDA810E9C1AAA8AC094EA8/OC 016-2023-VPC_IbovSmartDividendosB3_VF.pdf,2023-09-28|016-2023-VPC-Ofício Circular.pdf,,,,,,,,,,,,
2023-09-28,004-2023-VPE-Ofício Circular,https://www.b3.com.br/data/files/78/A7/43/6F/6CCDA810E9C1AAA8AC094EA8/OC 004-2023-VPE Gestor como Agente de Registro_PT.pdf,2023-09-28|004-2023-VPE-Ofício Circular.pdf,,,,,,,,,,,,
2023-09-26,158-2023-PRE-Ofício Circular,https://www.b3.com.br/data/files/D7/B0/97/57/0EDCA810E9C1AAA8AC094EA8/OC 158-2023 PRE Atualização dos critérios elegibilidade empréstimo de FIIs (PT).pdf,2023-09-26|158-2023-PRE-Ofício Circular.pdf,,,,,,,,,,,,
2023-09-21,013-2023-VNC-Ofício Circular,https://www.b3.com.br/data/files/E3/A7/3A/8E/F28BA810E9C1AAA8AC094EA8/OC 013-2023-VNC Diferenciado_PT.pdf,2023-09-21|013-2023-VNC-Ofício Circular.pdf,,,,,,,,,,,,
2023-09-21,012-2023-VNC-Ofício Circular,https://www.b3.com.br/data/files/73/E6/7D/11/A28BA810E9C1AAA8AC094EA8/OC 012-2023-VNC Alterações no MPO da Câmara B3 - Janela de débito de ativos diluída_PT.pdf,2023-09-21|012-2023-VNC-Ofício Circular.pdf,,,,,,,,,,,,
2023-09-21,013-2023-VPC-Ofício Circular,https://www.b3.com.br/data/files/87/43/E8/16/5E8BA810E9C1AAA8AC094EA8/OC 013-2023-VPC Alteração Parametros de Call do DAP.pdf,2023-09-21|013-2023-VPC-Ofício Circular.pdf,,,,,,,,,,,,
2023-09-21,014-2023-VPC-Ofício Circular,https://www.b3.com.br/data/files/CA/B2/48/00/609BA810E9C1AAA8AC094EA8/OC 014-2023-VPC Execution Report nos Contratos de Rolagens de Commodities.pdf,2023-09-21|014-2023-VPC-Ofício Circular.pdf,,,,,,,,,,,,
2023-09-19,011-2023-VNC-Ofício Circular,https://www.b3.com.br/data/files/DF/10/CB/63/7BDAA810E9C1AAA8AC094EA8/OC 011-2023-VNC Novos limites de posição em aberto por mercado_PT.pdf,2023-09-19|011-2023-VNC-Ofício Circular.pdf,,,,,,,,,,,,
2023-09-19,010/2023-VNC-Ofício Circular,https://www.b3.com.br/data/files/CC/D6/BE/EE/FADAA810E9C1AAA8AC094EA8/OC 010-2023-VNC Nova versão do Manual de Acesso B3 - Alterações do AFLD0 2023_PT.pdf,2023-09-19|010_2023-VNC-Ofício Circular.pdf,,,,,,,,,,,,
2023-09-14,157-2023-PRE-Ofício Circular,https://www.b3.com.br/data/files/DA/30/5B/7C/6559A810490919A8DC0D8AA8/OC 157-2023 PRE - Realocação de Limites Entre Mercados (PT).pdf,2023-09-14|157-2023-PRE-Ofício Circular.pdf,,,,,,,,,,,,
2023-09-14,156-2023-PRE-Ofício Circular,https://www.b3.com.br/data/files/2A/A7/12/81/9F49A8102F9819A8AC094EA8/OC 156-2023 PRE Novo Serviço de Drop Copy B3 – Desativação da Plataforma Legada (PT).pdf,2023-09-14|156-2023-PRE-Ofício Circular.pdf,,,,,,,,,,,,
2023-09-14,155-2023-PRE-Ofício Circular,https://www.b3.com.br/data/files/18/11/95/29/5F49A8102F9819A8AC094EA8/OC 155-2023 PRE LiNe 5.0 Correção do cenário de in-flight modification e próximas ondas do LiNe (PT).pdf,2023-09-14|155-2023-PRE-Ofício Circular.pdf,,,,,,,,,,,,
2023-09-14,048-2023-VPC-Comunicado Externo,https://www.b3.com.br/data/files/05/82/71/DE/E549A8102F9819A8AC094EA8/CE 048-2023-VPC Serviço de RCC Melhorias e simplificações nas APIs_vf.pdf,2023-09-14|048-2023-VPC-Comunicado Externo.pdf,,,,,,,,,,,,
2023-09-12,044-2023-VPC-Comunicado Externo,https://www.b3.com.br/data/files/D7/72/DA/AE/D798A8103234E0A8AC094EA8/CE 044-2023-VPC Registro de Derivativos de Balcão com CCP - Opções Registro em D0_vf.pdf,2023-09-12|044-2023-VPC-Comunicado Externo.pdf,,,,,,,,,,,,
2023-09-12,047-2023-VPC-Comunicado Externo,https://www.b3.com.br/data/files/CC/56/17/1E/8F98A8103234E0A8AC094EA8/CE 047-2023-VPC Modelo PNP PN_REVISADO (versão limpa).pdf,2023-09-12|047-2023-VPC-Comunicado Externo.pdf,,,,,,,,,,,,
2023-09-12,045-2023-VPC-Comunicado Externo,https://www.b3.com.br/data/files/CE/B2/40/92/E898A8103234E0A8AC094EA8/CE 045-2023-VPC 3M_DEZ23 - Balcão B3_vf.pdf,2023-09-12|045-2023-VPC-Comunicado Externo.pdf,,,,,,,,,,,,
2023-09-12,153-2023-PRE-Ofício Circular,https://www.b3.com.br/data/files/B6/46/6B/29/D1A8A8103234E0A8AC094EA8/OC 153-2023 PRE Alterações na Política de Tarifação Derivativos Listados e Nova Versão do Documento Tarifação...(PT).pdf,2023-09-12|153-2023-PRE-Ofício Circular.pdf,,,,,,,,,,,,
2023-09-12,151-2023-PRE-Ofício Circular,https://www.b3.com.br/data/files/1C/B3/BE/AD/41A8A8103234E0A8AC094EA8/OC 151-2023 PRE Implementação da Janela de Entrega de Ativos Diluída para Renda Variável (PT).pdf,2023-09-12|151-2023-PRE-Ofício Circular.pdf,,,,,,,,,,,,
2023-09-11,079-2023-VNC-Comunicado Externo,https://www.b3.com.br/data/files/EB/45/3A/E9/9648A8103234E0A8AC094EA8/CE 079-2023-VNC Alteração do tamanho mínimo para registro de ofertas diretas_PT.pdf,2023-09-11|079-2023-VNC-Comunicado Externo.pdf,,,,,,,,,,,,
2023-09-05,078-2023-VNC-Comunicado Externo,https://www.b3.com.br/data/files/D1/47/48/25/6856A8103234E0A8AC094EA8/CE 078-2023-VNC Pacote de melhorias dos Sistemas da Câmara 2023_PT.pdf,2023-09-05|078-2023-VNC-Comunicado Externo.pdf,,,,,,,,,,,,
2023-09-05,077-2023-VNC-Comunicado Externo,https://www.b3.com.br/data/files/68/F6/9F/27/3856A8103234E0A8AC094EA8/CE 077-2023-VNC Market Data B3  Atualização de Manutenção do Market Data Binário_PT.pdf,2023-09-05|077-2023-VNC-Comunicado Externo.pdf,,,,,,,,,,,,
2023-09-05,043-2023-VPC-Comunicado Externo,https://www.b3.com.br/data/files/F6/D5/71/00/6076A8103234E0A8AC094EA8/CE 043-2023-VPC - Esclarecimentos Bloco Final v7.pdf,2023-09-05|043-2023-VPC-Comunicado Externo.pdf,,,,,,,,,,,,
2023-08-31,150-2023-PRE-Ofício Circular,https://www.b3.com.br/data/files/4D/C1/81/C0/94C4A8103234E0A8AC094EA8/OC 150-2023 PRE Alterações no MPO de Negociação da B3 - EDS-UDS (PT).pdf,2023-08-31|150-2023-PRE-Ofício Circular.pdf,,,,,,,,,,,,
2023-08-30,149-2023-PRE-Ofício Circular,https://www.b3.com.br/data/files/CC/C0/BC/23/3C74A8103234E0A8AC094EA8/OC 149-2023 PRE  Realocação de Limites entre Mercados - MRFG3 (PT).pdf,2023-08-30|149-2023-PRE-Ofício Circular.pdf,,,,,,,,,,,,
2023-08-29,076-2023-VNC-Comunicado Externo,https://www.b3.com.br/data/files/8B/54/46/AF/7524A8103234E0A8AC094EA8/CE 076-2023-VNC Nova versão da ePUMA - Inclusão da oferta LOC_PT.pdf,2023-08-29|076-2023-VNC-Comunicado Externo.pdf,,,,,,,,,,,,
2023-08-24,147-2023-PRE-Ofício Circular,https://www.b3.com.br/data/files/ED/E0/85/CC/4E72A8103234E0A8AC094EA8/OC 147-2023 PRE  Alteração de carteira para renda fixa (PT).pdf,2023-08-24|147-2023-PRE-Ofício Circular.pdf,,,,,,,,,,,,
2023-08-24,146-2023-PRE-Ofício Circular,"https://www.b3.com.br/data/files/13/57/18/AE/4D72A8103234E0A8AC094EA8/OC 146-2023 PRE Alterações Manual Proceds Op. de Negociação B3 - FM, Criação Oferta LOC e Controle Mensagens (PT).docx.pdf",2023-08-24|146-2023-PRE-Ofício Circular.pdf,,,,,,,,,,,,
2023-08-24,041-2023-VPC-Comunicado Externo,https://www.b3.com.br/data/files/66/54/81/7C/2892A8103234E0A8AC094EA8/CE 041-2023-VPC Comunicado Externo_1M_OUT23 - Balcão B3.pdf,2023-08-24|041-2023-VPC-Comunicado Externo.pdf,,,,,,,,,,,,
2023-08-17,145-2023-PRE-Ofício Circular,https://www.b3.com.br/data/files/83/E1/0B/FA/2D40A810746C7D98AC094EA8/OC 145-2023 PRE Alterações Manual de Adm. de Risco - Alteração da Metodologia do Consumo de Mercado para Opções (PT).pdf,2023-08-17|145-2023-PRE-Ofício Circular.pdf,,,,,,,,,,,,
2023-08-15,142-2023-PRE-Ofício Circular,https://www.b3.com.br/data/files/88/22/63/5D/6D9F98101D7C7D98DC0D8AA8/OC 142-2023 PRE Lançamento do Índice de Diversidade B3 - IDIVERSA B3 (PT).pdf,2023-08-15|142-2023-PRE-Ofício Circular.pdf,,,,,,,,,,,,
2023-08-15,143-2023-PRE-Ofício Circular,https://www.b3.com.br/data/files/AE/C3/A1/99/ED9F98101D7C7D98DC0D8AA8/OC 143-2023 PRE Alteração na Grade Horária de Negociação de DAX (DAX) e Euro Stoxx 50 (ESX) Port.pdf,2023-08-15|143-2023-PRE-Ofício Circular.pdf,,,,,,,,,,,,
2023-08-08,014-2023-VPE-Comunicado Externo,https://www.b3.com.br/data/files/B5/96/F6/E1/6D6D98101DBF7498AC094EA8/CE 014-2023-VPE Contingência programada LDL0005 - Balcão B3_Ago23 _PT.pdf,2023-08-08|014-2023-VPE-Comunicado Externo.pdf,,,,,,,,,,,,
2023-08-01,074-2023-VNC-Comunicado Externo,https://www.b3.com.br/data/files/5D/F1/92/D0/C72B98101DBF7498AC094EA8/CE 074-2023-VNC Teste de Continuidade PUMA Trading System (PTRD)_PT.pdf,2023-08-01|074-2023-VNC-Comunicado Externo.pdf,,,,,,,,,,,,
2023-08-01,013-2023-VPE-Comunicado Externo,https://www.b3.com.br/data/files/35/13/29/EF/E72B98101DBF7498AC094EA8/CE 013-2023-VPE Postergação da Remoção de Acessos.pdf,2023-08-01|013-2023-VPE-Comunicado Externo.pdf,,,,,,,,,,,,
2023-08-01,136-2023-PRE-Ofício Circular,https://www.b3.com.br/data/files/BE/54/7B/1A/1B1B98109EBF7498DC0D8AA8/OC 136-2023 PRE Realocação de Limites entre Mercados - MRVE3 (PT).pdf,2023-08-01|136-2023-PRE-Ofício Circular.pdf,,,,,,,,,,,,
2023-08-01,137-2023-PRE-Ofício Circular,https://www.b3.com.br/data/files/B1/D0/95/FA/3F1B98109EBF7498DC0D8AA8/OC 137-2023-PRE Política de Tarifação do Tesouro Direto_Educa_ (PT).pdf,2023-08-01|137-2023-PRE-Ofício Circular.pdf,,,,,,,,,,,,
2023-08-01,138-2023-PRE-Ofício Circular,https://www.b3.com.br/data/files/D9/F1/4F/DD/8F1B98109EBF7498DC0D8AA8/OC 138-2023 PRE Tesouro Direto - Novo Título Público Educação (PT).pdf,2023-08-01|138-2023-PRE-Ofício Circular.pdf,,,,,,,,,,,,
2023-07-27,132-2023-PRE-Ofício Circular,https://www.b3.com.br/data/files/09/D1/83/9B/BE7998109EBF7498DC0D8AA8/OC 132-2023 PRE Lançamento Serviço de Conectividade - Market Data Binário (PT).pdf,2023-07-27|132-2023-PRE-Ofício Circular.pdf,,,,,,,,,,,,
2023-07-25,038-2023-VPC-Comunicado Externo,https://www.b3.com.br/data/files/B3/02/50/CE/32E898101DBF7498AC094EA8/CE 038-2023-VPC Resilição e Liberação de Excedente - RCC.pdf,2023-07-25|038-2023-VPC-Comunicado Externo.pdf,,,,,,,,,,,,
2023-07-25,071-2023-VNC-Comunicado Externo,https://www.b3.com.br/data/files/76/46/2A/20/53E898101DBF7498AC094EA8/CE 071-2023-VNC Processamento_CâmaraB3_Câmbio_PT.pdf,2023-07-25|071-2023-VNC-Comunicado Externo.pdf,,,,,,,,,,,,
2023-07-25,072-2023-VNC-Comunicado Externo,https://www.b3.com.br/data/files/E9/56/AA/83/83E898101DBF7498AC094EA8/CE 072-2023-VNC Teste PCO PUMA_24082023_PT.pdf,2023-07-25|072-2023-VNC-Comunicado Externo.pdf,,,,,,,,,,,,
2023-07-25,131-2023-PRE-Ofício Circular,https://www.b3.com.br/data/files/CB/D1/68/10/61E898109EBF7498DC0D8AA8/OC 131-2023 PRE Retificação - Alteração Planej Implementação Market Data Binário (Binary UMDF)(PT).pdf,2023-07-25|131-2023-PRE-Ofício Circular.pdf,,,,,,,,,,,,
2023-07-25,129-2023-PRE-Ofício Circular,https://www.b3.com.br/data/files/72/E6/D9/25/77D898109EBF7498DC0D8AA8/OC 129-2023 PRE Tratamento das carteiras de índices B3 - OPA da Alliança Saúde e Particip S.A. (PT).pdf,2023-07-25|129-2023-PRE-Ofício Circular.pdf,,,,,,,,,,,,
2023-07-25,130-2023-PRE-Ofício Circular,https://www.b3.com.br/data/files/1D/31/22/A8/11E898109EBF7498DC0D8AA8/OC 130-2023 PRE Realocação de Limites Entre Mercados - SEQL3 (PT).pdf,2023-07-25|130-2023-PRE-Ofício Circular.pdf,,,,,,,,,,,,
2023-07-20,009-2023-VNC-Ofício Circular,https://www.b3.com.br/data/files/BE/93/26/79/8E4798101DBF7498AC094EA8/OC 009-2023-VNC Alteração do Cronograma de Implementação do Market Data Binário (Binary UMDF)_PT.pdf,2023-07-20|009-2023-VNC-Ofício Circular.pdf,,,,,,,,,,,,
2023-07-20,003-2023-VPE-Ofício Circular,https://www.b3.com.br/data/files/AD/55/3F/2B/4C4798101DBF7498AC094EA8/OC 003-2023-VPE Portabilidade de Investimentos  Valores Mobiliários de mesma titularidade_PT.pdf,2023-07-20|003-2023-VPE-Ofício Circular.pdf,,,,,,,,,,,,
2023-07-20,008-2023-VNC-Ofício Circular,https://www.b3.com.br/data/files/3D/31/E0/2F/5D4798101DBF7498AC094EA8/OC 008-2023-VNC Boa Vista_PT.pdf,2023-07-20|008-2023-VNC-Ofício Circular.pdf,,,,,,,,,,,,
2023-07-20,010-2023-VPC-Ofício Circular,https://www.b3.com.br/data/files/4D/93/7D/AA/8A4798101DBF7498AC094EA8/OC 010-2023-VPC Atualização do Roteiro do Programa de Qualificação Operacional_REVISADO.pdf,2023-07-20|010-2023-VPC-Ofício Circular.pdf,,,,,,,,,,,,
2023-07-20,011-2023-VPC-Ofício Circular,https://www.b3.com.br/data/files/A2/F2/B1/F9/205798101DBF7498AC094EA8/OC 011-2023-VPC Alterações apreçamento do DAP vf revMC3_REVISADO.pdf,2023-07-20|011-2023-VPC-Ofício Circular.pdf,,,,,,,,,,,,
2023-07-18,007-2023-VNC-Ofício Circular,https://www.b3.com.br/data/files/18/57/98/6A/33A698101DBF7498AC094EA8/OC 007-2023-VNC Alteração MARISCO_20230718_PT.pdf,2023-07-18|007-2023-VNC-Ofício Circular.pdf,,,,,,,,,,,,
2023-07-18,006-2023-VNC-Ofício Circular,https://www.b3.com.br/data/files/77/F4/B1/22/A2A698101DBF7498AC094EA8/OC 006-2023-VNC Repasse intermediação_PT.pdf,2023-07-18|006-2023-VNC-Ofício Circular.pdf,,,,,,,,,,,,
2023-07-18,001-2023-VPE-Ofício Circular,https://www.b3.com.br/data/files/C0/D0/1D/04/DCA698101DBF7498AC094EA8/OC 001-2023-VPE Gravame sobre Valores Mobiliários Registrados_PT.pdf,2023-07-18|001-2023-VPE-Ofício Circular.pdf,,,,,,,,,,,,
2023-07-18,012-2023-VPE-Comunicado Externo,https://www.b3.com.br/data/files/60/62/10/C7/52A698101DBF7498AC094EA8/CE 012-2023-VPE Contingência programada LDL0005 - Balcão B3_PT.pdf,2023-07-18|012-2023-VPE-Comunicado Externo.pdf,,,,,,,,,,,,
2023-07-17,007-2023-VPC-Ofício Circular,https://www.b3.com.br/data/files/A0/B4/42/02/BB5698101DBF7498AC094EA8/OC 007-2023-VPC Ofício Circular - Tarifação Trademate - Balcão B3.pdf,2023-07-17|007-2023-VPC-Ofício Circular.pdf,,,,,,,,,,,,
2023-07-13,123-2023-PRE-Ofício Circular,https://www.b3.com.br/data/files/94/45/A1/42/13F498109EBF7498DC0D8AA8/OC 123-2023 PRE Manual de Acesso B3 - Ativo Financeiro Desvinculado  (PT).pdf,2023-07-13|123-2023-PRE-Ofício Circular.pdf,,,,,,,,,,,,
2023-07-13,036-2023-VPC-Comunicado Externo,https://www.b3.com.br/data/files/88/91/ED/BA/FB0598101DBF7498AC094EA8/CE 036-2023-VPC Comunicado Externo_Sessão Simulada de Negociação  Trademate B3.pdf,2023-07-13|036-2023-VPC-Comunicado Externo.pdf,,,,,,,,,,,,
2023-07-13,126-2023-PRE-Ofício Circular,https://www.b3.com.br/data/files/67/E1/26/49/890598109EBF7498DC0D8AA8/OC 126-2023 PRE Lançamento Line 5.0 Afinidade e Desativação das Centrais de Risco Dedicadas (PT).pdf,2023-07-13|126-2023-PRE-Ofício Circular.pdf,,,,,,,,,,,,
2023-07-11,121-2023-PRE-Ofício Circular,https://www.b3.com.br/data/files/08/E2/A1/87/2464981095CB8988DC0D8AA8/OC 121-2023 PRE RCB 10GB (PT).pdf,2023-07-11|121-2023-PRE-Ofício Circular.pdf,,,,,,,,,,,,
2023-07-11,120-2023-PRE-Ofício Circular,https://www.b3.com.br/data/files/97/64/AB/1E/2A54981095CB8988DC0D8AA8/OC 120-2023 PRE Novo Fluxo - Carta de Circularização (PT).pdf,2023-07-11|120-2023-PRE-Ofício Circular.pdf,,,,,,,,,,,,
2023-07-11,065-2023-VNC-Comunicado Externo,https://www.b3.com.br/data/files/37/13/FA/24/85549810C7AB8988AC094EA8/CE 065-2023-VNC Revisão dos parâmetros para os Túneis de Negociação_202307_PT.pdf,2023-07-11|065-2023-VNC-Comunicado Externo.pdf,,,,,,,,,,,,
2023-07-10,064-2023-VNC-Comunicado Externo,https://www.b3.com.br/data/files/FA/91/29/DF/A3149810C7AB8988AC094EA8/CE 064-2023-VNC Alteração do tamanho mínimo para registro de ofertas diretas - Aumento_202307_PT.pdf,2023-07-10|064-2023-VNC-Comunicado Externo.pdf,,,,,,,,,,,,
2023-07-06,033-2023-VPC-Comunicado Externo,https://www.b3.com.br/data/files/84/E0/0C/0B/7AB29810C7AB8988AC094EA8/CE 033-2023-VPC Início vigência grade_Postergação de extensão de efeitos_vf.pdf,2023-07-06|033-2023-VPC-Comunicado Externo.pdf,,,,,,,,,,,,
2023-07-06,117-2023-PRE-Ofício Circular,https://www.b3.com.br/data/files/03/26/47/E9/4CC2981095CB8988DC0D8AA8/OC 117-2023 PRE Lançamento Market Data SBE (Port).pdf,2023-07-06|117-2023-PRE-Ofício Circular.pdf,,,,,,,,,,,,
2023-07-06,118-2023-PRE-Ofício Circular,https://www.b3.com.br/data/files/42/54/81/05/EEC2981095CB8988DC0D8AA8/OC 118-2023 PRE Realocação de Limites Entre Mercados - MRVE3 (PT).pdf,2023-07-06|118-2023-PRE-Ofício Circular.pdf,,,,,,,,,,,,
2023-07-04,032-2023-VPC-Comunicado Externo,https://www.b3.com.br/data/files/B0/C1/79/65/EC229810C7AB8988AC094EA8/CE 032-2023-VPC Novo subsistema negociação de renda fixa B3 Lançamento da negociação de Títulos Públicos Federais.pdf,2023-07-04|032-2023-VPC-Comunicado Externo.pdf,,,,,,,,,,,,
2023-06-29,011-2023-VPE-Comunicado Externo,https://www.b3.com.br/data/files/70/A0/AE/E3/BE809810C7AB8988AC094EA8/CE 011-2023-VPE Plataforma NoMe_Calendário das Versões 2º Semestre_2023.pdf,2023-06-29|011-2023-VPE-Comunicado Externo.pdf,,,,,,,,,,,,
2023-06-29,062-2023-VNC-Comunicado Externo,https://www.b3.com.br/data/files/93/B6/A2/80/1C809810C7AB8988AC094EA8/CE 062-2023-VNC Gateway de Negociação Binário - Início da produção paralela_PT.pdf,2023-06-29|062-2023-VNC-Comunicado Externo.pdf,,,,,,,,,,,,
2023-06-29,063-2023-VNC-Comunicado Externo,https://www.b3.com.br/data/files/EC/87/2C/36/7C809810C7AB8988AC094EA8/CE 063-2023-VNC Atualização Especificação EntryPoint Cancel on Behalf_PT.pdf,2023-06-29|063-2023-VNC-Comunicado Externo.pdf,,,,,,,,,,,,
2023-06-29,114-2023-PRE-Ofício Circular,https://www.b3.com.br/data/files/01/65/2B/82/7880981095CB8988DC0D8AA8/OC 114-2023 PRE Portabilidade de Investimentos -Projeto de Modernização da Transferência... (PT).pdf,2023-06-29|114-2023-PRE-Ofício Circular.pdf,,,,,,,,,,,,
2023-06-27,105-2023-PRE-Ofício Circular,https://www.b3.com.br/data/files/DD/F6/42/87/1FCF881095CB8988DC0D8AA8/OC 105-2023 PRE Contratos Futuros de Índices (PT).pdf,2023-06-27|105-2023-PRE-Ofício Circular.pdf,,,,,,,,,,,,
2023-06-27,103-2023-PRE-Ofício Circular,https://www.b3.com.br/data/files/FB/74/C3/F2/0ECF881095CB8988DC0D8AA8/OC 103-2023 PRE Alterações Manual de Acesso - IPCA (PT).pdf,2023-06-27|103-2023-PRE-Ofício Circular.pdf,,,,,,,,,,,,
2023-06-27,104-2023-PRE-Ofício Circular,https://www.b3.com.br/data/files/5E/12/30/18/8ECF881095CB8988DC0D8AA8/OC 104-2023 PRE Novos Gravames (PT).pdf,2023-06-27|104-2023-PRE-Ofício Circular.pdf,,,,,,,,,,,,
2023-06-27,060-2023-VNC-Comunicado Externo,https://www.b3.com.br/data/files/43/43/F3/C8/3CDF8810C7AB8988AC094EA8/CE 060-2023-VNC XP Modal_PT.pdf,2023-06-27|060-2023-VNC-Comunicado Externo.pdf,,,,,,,,,,,,
2023-06-27,109-2023-PRE-Ofício Circular,https://www.b3.com.br/data/files/4D/31/41/4B/C8EF881095CB8988DC0D8AA8/OC 109-2023 PRE  Contraparte Genérica Voice (PT)docx.pdf,2023-06-27|109-2023-PRE-Ofício Circular.pdf,,,,,,,,,,,,
2023-06-27,110-2023-PRE-Ofício Circular,https://www.b3.com.br/data/files/3B/65/E4/9A/29EF881095CB8988DC0D8AA8/OC 110-2023 PRE  EDS - Programa de Isenção broker_(PT).pdf,2023-06-27|110-2023-PRE-Ofício Circular.pdf,,,,,,,,,,,,
2023-06-22,102-2023-PRE-Ofício Circular,https://www.b3.com.br/data/files/BD/D6/7D/37/015E881095CB8988DC0D8AA8/OC 102-2023 PRE Market Data B3 – Revisão geral da Política Comercial B3 (PT).pdf,2023-06-22|102-2023-PRE-Ofício Circular.pdf,,,,,,,,,,,,
2023-06-22,101-2023-PRE-Ofício Circular,https://www.b3.com.br/data/files/82/C5/16/CC/153E881095CB8988DC0D8AA8/OC 101-2023 PRE Tratamento das carteiras de índices da B3 em virtude de OPA Fertilizantes Heringer S.A. (PT).pdf,2023-06-22|101-2023-PRE-Ofício Circular.pdf,,,,,,,,,,,,
2023-06-20,009-2023-VPE-Comunicado Externo,https://www.b3.com.br/data/files/CA/B0/8C/45/53AD8810C7AB8988AC094EA8/CE 009-2023-VPE Processamento_Tesouro Direto_PT.pdf,2023-06-20|009-2023-VPE-Comunicado Externo.pdf,,,,,,,,,,,,
2023-06-20,012-2023-PRE-Comunicado Externo,https://www.b3.com.br/data/files/27/83/B9/2A/B9AD881095CB8988DC0D8AA8/CE 012-2023 PRE + ANEXO – Novos Catálogos BSM de (i) Normas de Supervisão e (ii) Notas de Orientação (PT).pdf,2023-06-20|012-2023-PRE-Comunicado Externo.pdf,,,,,,,,,,,,
2023-06-20,013-2023-PRE-Comunicado Externo,https://www.b3.com.br/data/files/3F/A3/49/AD/E9AD881095CB8988DC0D8AA8/CE 013-2023 PRE + ANEXO – ref. Reformulação do Canal de Denúncias da BSM (PT).pdf,2023-06-20|013-2023-PRE-Comunicado Externo.pdf,,,,,,,,,,,,
2023-06-20,014-2023-PRE-Comunicado Externo,https://www.b3.com.br/data/files/4C/44/A9/66/2AAD881095CB8988DC0D8AA8/CE 014-2023 PRE + ANEXO – ref. Novo Canal de Sugestões BSM (PT).pdf,2023-06-20|014-2023-PRE-Comunicado Externo.pdf,,,,,,,,,,,,
2023-06-20,055-2023-VNC-Comunicado Externo,https://www.b3.com.br/data/files/DF/F0/96/B0/83AD8810C7AB8988AC094EA8/CE 055-2023-VNC Atualização de Material de Apoio - Market Data Binário_PT.pdf,2023-06-20|055-2023-VNC-Comunicado Externo.pdf,,,,,,,,,,,,
2023-06-20,057-2023-VNC-Comunicado Externo,https://www.b3.com.br/data/files/4D/E1/6D/FF/E3AD8810C7AB8988AC094EA8/CE 057-2023-VNC Nova versão da ePUMA – Novos campos para diretos e melhorias_PT.pdf,2023-06-20|057-2023-VNC-Comunicado Externo.pdf,,,,,,,,,,,,
2023-06-20,058-2023-VNC-Comunicado Externo,https://www.b3.com.br/data/files/34/A2/88/09/34AD8810C7AB8988AC094EA8/CE 058-2023-VNC Janela de Entrega de Ativos Diluida_Certificação_PT.pdf,2023-06-20|058-2023-VNC-Comunicado Externo.pdf,,,,,,,,,,,,
2023-06-20,099-2023-PRE-Ofício Circular,https://www.b3.com.br/data/files/D6/B1/12/C5/9F9D881095CB8988DC0D8AA8/OC 099-2023 PRE Prorrogacao_isencao_desligamento_DW_dashboards (PT).pdf,2023-06-20|099-2023-PRE-Ofício Circular.pdf,,,,,,,,,,,,
2023-06-16,096-2023-PRE-Ofício Circular,https://www.b3.com.br/data/files/2D/25/50/43/6B5C881095CB8988DC0D8AA8/OC 096-2023-PRE Tratamento de Posições Empréstimo de Ativos  Posições de Recompra de IBG Eletrônica S.A.(PT).pdf,2023-06-16|096-2023-PRE-Ofício Circular.pdf,,,,,,,,,,,,
2023-06-15,054-2023-VNC-Comunicado Externo,https://www.b3.com.br/data/files/CF/B7/4F/2C/A21C8810C7AB8988AC094EA8/CE 054-2023-VNC CVA Consulta de Previsão de Falhas.pdf,2023-06-15|054-2023-VNC-Comunicado Externo.pdf,,,,,,,,,,,,
2023-06-15,030-2023-VPC-Comunicado Externo,https://www.b3.com.br/data/files/71/A1/D5/8F/3F0C8810C7AB8988AC094EA8/CE 030-2023-VPC Implementação Termo Multiclasses e Descontinuação T. de Commodities_vf.pdf,2023-06-15|030-2023-VPC-Comunicado Externo.pdf,,,,,,,,,,,,
2023-06-15,094-2023-PRE-Ofício Circular,https://www.b3.com.br/data/files/23/E4/3A/07/F40C881095CB8988DC0D8AA8/OC 094-2023 PRE Tratamento das Carteiras de Índices da B3 em virtude da OPA de Alpargatas S.A. (PT).pdf,2023-06-15|094-2023-PRE-Ofício Circular.pdf,,,,,,,,,,,,
2023-06-15,095-2023-PRE-Ofício Circular,https://www.b3.com.br/data/files/8E/62/82/B6/131C881095CB8988DC0D8AA8/OC 095-2023 PRE  Realocação de Limites Entre Mercados - EZTC3 e MRFG3 (PT).pdf,2023-06-15|095-2023-PRE-Ofício Circular.pdf,,,,,,,,,,,,
2023-06-13,093-2023-PRE-Ofício Circular,https://www.b3.com.br/data/files/B6/E6/0E/DD/F36B881095CB8988DC0D8AA8/OC 093-2023 PRE Programa Formador Mercado Hang Seng 2023 (PT).pdf,2023-06-13|093-2023-PRE-Ofício Circular.pdf,,,,,,,,,,,,
2023-06-13,092-2023-PRE-Ofício Circular,https://www.b3.com.br/data/files/74/51/FA/47/385B881095CB8988DC0D8AA8/OC 092-2023 PRE Revogação Parcial do Ofício Circular 058-2002-DG ref. Taxas Referenciais(PT).pdf,2023-06-13|092-2023-PRE-Ofício Circular.pdf,,,,,,,,,,,,
2023-06-13,091-2023-PRE-Ofício Circular,https://www.b3.com.br/data/files/C6/F7/CB/3B/2B4B881095CB8988DC0D8AA8/OC 091-2023-PRE Conta Máster – Cadastro de Contas e Vínculos (PT).pdf,2023-06-13|091-2023-PRE-Ofício Circular.pdf,,,,,,,,,,,,
2023-06-13,051-2023-VNC-Comunicado Externo,https://www.b3.com.br/data/files/3D/04/6F/CC/765B8810C7AB8988AC094EA8/CE 051-2023-VNC Revogando_060_2014e155_2013_PT.pdf,2023-06-13|051-2023-VNC-Comunicado Externo.pdf,,,,,,,,,,,,
2023-06-06,028-2023-VPC-Comunicado Externo,https://www.b3.com.br/data/files/13/16/6A/12/0B298810A1E6D588AC094EA8/CE 028-2023-VPC Tunel_Negocios_CRI_CRA_CFF_vfinal.pdf,2023-06-06|028-2023-VPC-Comunicado Externo.pdf,,,,,,,,,,,,
2023-06-06,029-2023-VPC-Comunicado Externo,https://www.b3.com.br/data/files/0C/D6/44/A0/2B298810A1E6D588AC094EA8/CE 029-2023-VPC Extensão de Efeitos de Contrato Recebíveis__vfinal.pdf,2023-06-06|029-2023-VPC-Comunicado Externo.pdf,,,,,,,,,,,,
2023-06-06,090-2023-PRE-Ofício Circular,https://www.b3.com.br/data/files/2C/B2/61/3D/AD198810779C3088DC0D8AA8/OC 090-2023 PRE Captura de Negócios em Bloco na Câmara B3 (PT).pdf,2023-06-06|090-2023-PRE-Ofício Circular.pdf,,,,,,,,,,,,
2023-06-05,088-2023-PRE-Ofício Circular,https://www.b3.com.br/data/files/60/65/4B/9A/69D88810779C3088DC0D8AA8/OC 088-2023 PRE  Realocação de Limites Entre Mercados - MDIA3 (PT).pdf,2023-06-05|088-2023-PRE-Ofício Circular.pdf,,,,,,,,,,,,
2023-06-01,087-2023-PRE-Ofício Circular,https://www.b3.com.br/data/files/1C/15/67/1B/86878810A1E6D588AC094EA8/OC 087-2023 PRE Lançamento Line Afinidade (tranches 2 e 3) e Desativação das Centrais de Risco ...(PT).pdf,2023-06-01|087-2023-PRE-Ofício Circular.pdf,,,,,,,,,,,,
2023-05-30,086-2023-PRE-Ofício Circular,https://www.b3.com.br/data/files/42/72/42/45/71E68810A1E6D588AC094EA8/OC 086-2023 PRE Política de Controle de Mensagens de Negociação da B3 (PT).pdf,2023-05-30|086-2023-PRE-Ofício Circular.pdf,,,,,,,,,,,,
2023-05-30,084-2023-PRE-Ofício Circular,https://www.b3.com.br/data/files/D5/33/70/BD/E8D68810A1E6D588AC094EA8/OC 084-2023-PRE Novo controle de monitoramento de não conformidades (PT).pdf,2023-05-30|084-2023-PRE-Ofício Circular.pdf,,,,,,,,,,,,
2023-05-26,026-2023-VPC-Comunicado Externo,https://www.b3.com.br/data/files/C6/75/FA/D7/B2A5881036DB3088AC094EA8/CE 026-2023-VPC Postergação - Derivativos-vf.pdf,2023-05-26|026-2023-VPC-Comunicado Externo.pdf,,,,,,,,,,,,
2023-05-25,080-2023-PRE-Ofício Circular,https://www.b3.com.br/data/files/2D/96/FB/74/65358810779C3088DC0D8AA8/OC 080-2023 PRE Alteração de cotas de FII e FIP elegíveis ao empréstimo (PT).pdf,2023-05-25|080-2023-PRE-Ofício Circular.pdf,,,,,,,,,,,,
2023-05-25,010-2023-PRE-Comunicado Externo,https://www.b3.com.br/data/files/BC/36/CF/70/AB458810779C3088DC0D8AA8/CE 010-2023 PRE + ANEXO - ref. CE-BSM-10-2023_Manual de Layout_(PT).pdf,2023-05-25|010-2023-PRE-Comunicado Externo.pdf,,,,,,,,,,,,
2023-05-25,025-2023-VPC-Comunicado Externo,https://www.b3.com.br/data/files/A8/17/54/DA/7445881036DB3088AC094EA8/CE 025-2023-VPC Alteração Curvas Forward Cálculo do Preço de Ajuste Marcação Contratos Futuros Taxas de Câmbio RefDólares Reais_REVISADO.pdf,2023-05-25|025-2023-VPC-Comunicado Externo.pdf,,,,,,,,,,,,
2023-05-25,083-2023-PRE-Ofício Circular,https://www.b3.com.br/data/files/B4/83/41/09/2B458810779C3088DC0D8AA8/OC 083-2023 PRE  Lançamento Line Afinidade e Desativação das Centrais de Risco Dedicadas (PT).pdf,2023-05-25|083-2023-PRE-Ofício Circular.pdf,,,,,,,,,,,,
2023-05-25,082-2023-PRE-Ofício Circular,https://www.b3.com.br/data/files/B6/F1/0F/1D/A4458810779C3088DC0D8AA8/OC 082-2023 PRE Alterações na Política de Tarifação para Derivativos Listados e Nova Versão...  Book (PT).pdf,2023-05-25|082-2023-PRE-Ofício Circular.pdf,,,,,,,,,,,,
2023-05-23,079-2023-PRE-Ofício Circular,https://www.b3.com.br/data/files/42/D4/58/23/7BA48810779C3088DC0D8AA8/OC 079-2023 PRE Atualização dos critérios elegibilidade empréstimo de FIIs (PT).pdf,2023-05-23|079-2023-PRE-Ofício Circular.pdf,,,,,,,,,,,,
2023-05-23,023-2023-VPC-Comunicado Externo,https://www.b3.com.br/data/files/8B/16/7D/8A/8E94881036DB3088AC094EA8/CE 023-2023-VPC Alteração casas decimais EDS - versão limpa.pdf,2023-05-23|023-2023-VPC-Comunicado Externo.pdf,,,,,,,,,,,,
2023-05-23,007-2023-VPE-Comunicado Externo,https://www.b3.com.br/data/files/EB/16/9E/3A/47A4881036DB3088AC094EA8/CE 007-2023-VPE Disponibilização arquivo retorno ao PTAC Escrituradores Central Depositária de Renda Variável.pdf,2023-05-23|007-2023-VPE-Comunicado Externo.pdf,,,,,,,,,,,,
2023-05-18,044-2023-VNC-Comunicado Externo,https://www.b3.com.br/data/files/57/E1/AE/89/8603881036DB3088AC094EA8/CE 044-2023-VNC Atualização de Material de Apoio - Market Data Binário_PT.pdf,2023-05-18|044-2023-VNC-Comunicado Externo.pdf,,,,,,,,,,,,
2023-05-18,076-2023-PRE-Ofício Circular,https://www.b3.com.br/data/files/BC/45/3C/A0/5A038810779C3088DC0D8AA8/OC 076-2023 PRE Disponibilização Preços Legs no Execution Report para as Rolagens ...DR1  WD1 e IR1  WI1 (PT).pdf,2023-05-18|076-2023-PRE-Ofício Circular.pdf,,,,,,,,,,,,
2023-05-18,073-2023-PRE-Ofício Circular,https://www.b3.com.br/data/files/6A/95/55/43/00038810779C3088DC0D8AA8/OC 073-2023 PRE Alterações no Manual de Administração de Risco - Adequações Marisco OCs (PT).pdf,2023-05-18|073-2023-PRE-Ofício Circular.pdf,,,,,,,,,,,,
2023-05-18,077-2023-PRE-Ofício Circular,https://www.b3.com.br/data/files/8B/10/F1/F1/DA038810779C3088DC0D8AA8/OC 077-2023 PRE Programa de Qualificação Operacional (PQO) - Atualização do Roteiro (PT).pdf,2023-05-18|077-2023-PRE-Ofício Circular.pdf,,,,,,,,,,,,
2023-05-16,042-2023-VNC-Comunicado Externo,https://www.b3.com.br/data/files/F3/82/FB/12/E462881036DB3088AC094EA8/CE 042-2023-VNC Novo Ambiente de Renda Fixa B3 - Início da Certificação_PT.pdf,2023-05-16|042-2023-VNC-Comunicado Externo.pdf,,,,,,,,,,,,
2023-05-16,041-2023-VNC-Comunicado Externo,https://www.b3.com.br/data/files/96/C1/25/09/DA42881036DB3088AC094EA8/CE 041-2023-VNC Projeto de Nova Regra para Registro de Ofertas Diretas_PT.pdf,2023-05-16|041-2023-VNC-Comunicado Externo.pdf,,,,,,,,,,,,
2023-05-11,022-2023-VPC-Comunicado Externo,https://www.b3.com.br/data/files/0F/70/97/78/6CC0881036DB3088AC094EA8/CE 022-2023-VPC 230511_U2D_CE_Atualizacao politica comercial_V5_PT.pdf,2023-05-11|022-2023-VPC-Comunicado Externo.pdf,,,,,,,,,,,,
2023-05-11,039-2023-VNC-Comunicado Externo,https://www.b3.com.br/data/files/43/43/9F/52/A3B0881036DB3088AC094EA8/CE 039-2023-VNC Teste PCO PUMA_18052023_PT.pdf,2023-05-11|039-2023-VNC-Comunicado Externo.pdf,,,,,,,,,,,,
2023-05-11,071-2023-PRE-Ofício Circular,https://www.b3.com.br/data/files/B0/F3/5A/52/33B08810779C3088DC0D8AA8/OC 071-2023 PRE Lançamento Rolagens Moedas em USD (PT).pdf,2023-05-11|071-2023-PRE-Ofício Circular.pdf,,,,,,,,,,,,
2023-05-09,037-2023-VNC-Comunicado Externo,https://www.b3.com.br/data/files/FA/12/DA/63/CA10881064456178AC094EA8/CE 037-2023-VNC Projeto de Nova Regra para Registro de Ofertas Diretas  Cronograma de início de Certificação_PT.pdf,2023-05-09|037-2023-VNC-Comunicado Externo.pdf,,,,,,,,,,,,
2023-05-04,006-2023-VPC-Ofício Circular,https://www.b3.com.br/data/files/3C/22/5E/BB/278E781064456178AC094EA8/OC 006-2023-VPC EDS de DI1 - OC Programa de FM.pdf,2023-05-04|006-2023-VPC-Ofício Circular.pdf,,,,,,,,,,,,
2023-05-02,004-2023-VNC-Ofício Circular,https://www.b3.com.br/data/files/79/B2/03/9C/2DDD781064456178AC094EA8/OC 004-2023-VNC Lançamento Line Afinidade e Desativação das Centrais de Risco Dedicadas- PT.pdf,2023-05-02|004-2023-VNC-Ofício Circular.pdf,,,,,,,,,,,,
2023-04-28,004-2023-VPC-Ofício Circular,https://www.b3.com.br/data/files/23/03/38/2C/6F9C781064456178AC094EA8/OC 004-2023-VPC Revogação de OCs Não Mais Vigentes Tarifação Emolumentos Contratos a Termo.pdf,2023-04-28|004-2023-VPC-Ofício Circular.pdf,,,,,,,,,,,,
2023-04-27,017-2023-VPC-Comunicado Externo,https://www.b3.com.br/data/files/C5/A3/05/F8/894C781064456178AC094EA8/CE 017-2023-VPC_1M_Jun_23 - Balcão B3- vfinal.pdf,2023-04-27|017-2023-VPC-Comunicado Externo.pdf,,,,,,,,,,,,
2023-04-27,019-2023-VPC-Comunicado Externo,https://www.b3.com.br/data/files/F0/20/9A/58/3B4C781064456178AC094EA8/CE 019-2023-VPC Tarifação - Revogação de Comunicados Externos não vigentes sobre políticas de tarifação de produtos_REVISADO (003).pdf,2023-04-27|019-2023-VPC-Comunicado Externo.pdf,,,,,,,,,,,,
2023-04-27,018-2023-VPC-Comunicado Externo,https://www.b3.com.br/data/files/81/B3/9B/39/A94C781064456178AC094EA8/CE 018-2023-VPC_pt_relatório consulta pública bdrs nos índices v_27.4.pdf,2023-04-27|018-2023-VPC-Comunicado Externo.pdf,,,,,,,,,,,,
2023-04-27,034-2023-VNC-Comunicado Externo,https://www.b3.com.br/data/files/B0/D2/B2/70/064C781064456178AC094EA8/CE 034-2023-VNC Modelagem - Revogação de Comunicados Externos_18012023.pdf,2023-04-27|034-2023-VNC-Comunicado Externo.pdf,,,,,,,,,,,,
2023-04-27,068-2023-PRE-Ofício Circular,https://www.b3.com.br/data/files/C2/65/27/F2/704C781064456178AC094EA8/OC 068-2023 PRE - Alteração regra arredondamento e lote mínimo - EDSs de DI1 e DAP (PT).pdf,2023-04-27|068-2023-PRE-Ofício Circular.pdf,,,,,,,,,,,,
2023-04-20,064-2023-PRE-Ofício Circular,https://www.b3.com.br/data/files/8D/F7/07/9C/D80A781046456178DC0D8AA8/OC 064-2023 PRE Apreçamento subscrição de ações com atribuição de bônus como vantagem adicional AVLL (PT).pdf,2023-04-20|064-2023-PRE-Ofício Circular.pdf,,,,,,,,,,,,
2023-04-20,063-2023-PRE-Ofício Circular,https://www.b3.com.br/data/files/AE/A4/CC/FD/350A781046456178DC0D8AA8/OC 063-2023 PRE Balcão B3 - Intermediário Voice_Complemento (PT).pdf,2023-04-20|063-2023-PRE-Ofício Circular.pdf,,,,,,,,,,,,
2023-04-20,061-2023-PRE-Ofício Circular,https://www.b3.com.br/data/files/78/13/B7/CD/B30A781046456178DC0D8AA8/OC 061-2023 PRE Revogação de Ofícios Circulares não vigentes ref a contratos futuros e Programa de FM (PT).pdf,2023-04-20|061-2023-PRE-Ofício Circular.pdf,,,,,,,,,,,,
2023-04-18,004-2023-VPE-Comunicado Externo,https://www.b3.com.br/data/files/69/C0/36/D8/3D49781064456178AC094EA8/CE 004-2023-VPE Revogação_Contratos de Derivativos procedimentos envolvendo Valores Mobiliários Responsabilidades.pdf,2023-04-18|004-2023-VPE-Comunicado Externo.pdf,,,,,,,,,,,,
2023-04-18,060-2023-PRE-Ofício Circular,https://www.b3.com.br/data/files/1B/E2/6D/D1/6869781046456178DC0D8AA8/OC 060-2023 PRE Realocação de Limites Entre Mercado - Aumento - MRFG3 e RRRP3 (PT).pdf,2023-04-18|060-2023-PRE-Ofício Circular.pdf,,,,,,,,,,,,
2023-04-18,059-2023-PRE-Ofício Circular,https://www.b3.com.br/data/files/B0/A2/6B/C5/A269781046456178DC0D8AA8/OC 059-2023 PRE Adequação à Resolução 304 Aceitação de CFI (PT).pdf,2023-04-18|059-2023-PRE-Ofício Circular.pdf,,,,,,,,,,,,
2023-04-13,030-2023-VNC-Comunicado Externo,https://www.b3.com.br/data/files/AB/61/5F/56/EDA7781064456178AC094EA8/CE 030-2023-VNC NonUK CCP BoE final prorrogação 2024_PT.pdf,2023-04-13|030-2023-VNC-Comunicado Externo.pdf,,,,,,,,,,,,
2023-04-13,050-2023-PRE-Ofício Circular,https://www.b3.com.br/data/files/13/30/10/5C/A0B7781046456178DC0D8AA8/OC 050-2023 PRE Alterações no MPO da Câmara B3  (PT).pdf,2023-04-13|050-2023-PRE-Ofício Circular.pdf,,,,,,,,,,,,
2023-04-13,052-2023-PRE-Ofício Circular,https://www.b3.com.br/data/files/6B/B2/96/CA/4EB7781046456178DC0D8AA8/OC 052-2023 PRE Balcão B3 - Intermediário Voice (PT).pdf,2023-04-13|052-2023-PRE-Ofício Circular.pdf,,,,,,,,,,,,
2023-04-12,049-2023-PRE-Ofício Circular,https://www.b3.com.br/data/files/82/12/37/80/5167781046456178DC0D8AA8/OC 049-2023 PRE Modelo de apreçamento do bônus da oferta pública de distribuição primária de ações DASA... (PT).pdf,2023-04-12|049-2023-PRE-Ofício Circular.pdf,,,,,,,,,,,,
2023-04-04,012-2023-VPC-Comunicado Externo,https://www.b3.com.br/data/files/2C/32/05/F5/DEC4781064456178AC094EA8/CE 012-2023-VPC Revogação de CE relacionados a serviços de tecnologia e de market data_REVISADO.pdf,2023-04-04|012-2023-VPC-Comunicado Externo.pdf,,,,,,,,,,,,
2023-04-04,042-2023-PRE-Ofício Circular,https://www.b3.com.br/data/files/D1/D7/81/A6/D6C4781064456178AC094EA8/OC 042-2023 PRE Revogação de OCs de Commodities não Vigentes (PT) 14c.pdf,2023-04-04|042-2023-PRE-Ofício Circular.pdf,,,,,,,,,,,,
2023-04-04,046-2023-PRE-Ofício Circular,https://www.b3.com.br/data/files/80/04/04/4C/8DD4781064456178AC094EA8/OC 046-2023-PRE Lançamento LiNe 5.0 Afinidade e Desativação das Centrais de Risco Dedicadas (PT).pdf,2023-04-04|046-2023-PRE-Ofício Circular.pdf,,,,,,,,,,,,
2023-03-30,035-2023-PRE-Ofício Circular,https://www.b3.com.br/data/files/14/C4/3A/B9/C623781064456178AC094EA8/OC 035-2023 PRE Portabilidade de Garantias Prestadas à Câmara B3 para Terceiros (PT).pdf,2023-03-30|035-2023-PRE-Ofício Circular.pdf,,,,,,,,,,,,
2023-03-30,039-2023-PRE-Ofício Circular,https://www.b3.com.br/data/files/B4/83/15/7D/2743781064456178AC094EA8/OC 039-2023 PRE Revogação de Ofícios Circulares relacionados ao Mercado de Derivativos de Balcão(PT)15c.pdf,2023-03-30|039-2023-PRE-Ofício Circular.pdf,,,,,,,,,,,,
2023-03-30,036-2023-PRE-Ofício Circular,https://www.b3.com.br/data/files/3A/A3/0D/4E/ED23781064456178AC094EA8/OC 036-2023 PRE Consolidação dos Parâmetros de Negociação e Registro de Ofertas Diretas - revoga 044-2012DP(PT)c.pdf,2023-03-30|036-2023-PRE-Ofício Circular.pdf,,,,,,,,,,,,
2023-03-30,038-2023-PRE-Ofício Circular,https://www.b3.com.br/data/files/D5/E3/88/90/EF33781064456178AC094EA8/OC 038-2023 PRE  Regras Vigentes do Contrato Futuro do Ibovespa (PT) 33c.pdf,2023-03-30|038-2023-PRE-Ofício Circular.pdf,,,,,,,,,,,,
2023-03-28,023-2023-VNC-Comunicado Externo,https://www.b3.com.br/data/files/97/61/D1/D9/A2A2781064456178AC094EA8/CE 023-2023-VNC Janela de Entrega de Ativos Diluida para Renda Variável - workshop técnico.pdf,2023-03-28|023-2023-VNC-Comunicado Externo.pdf,,,,,,,,,,,,
2023-03-23,022-2023-VNC-Comunicado Externo,https://www.b3.com.br/data/files/33/41/43/C2/E2F07810EB65C078AC094EA8/CE 022-2023-VNC Tratamento Índices BR PROPERTS.pdf,2023-03-23|022-2023-VNC-Comunicado Externo.pdf,,,,,,,,,,,,
2023-03-21,021-2023-VNC-Comunicado Externo,https://www.b3.com.br/data/files/8D/E4/B2/EE/E4407810FAAA1D68AC094EA8/CE 021-2023-VNC Revisão dos parâmetros para os Túneis de Negociação.pdf,2023-03-21|021-2023-VNC-Comunicado Externo.pdf,,,,,,,,,,,,
2023-03-16,029-2023-PRE-Ofício Circular,https://www.b3.com.br/data/files/91/65/A2/9B/70CE6810FAAA1D68AC094EA8/OC 029-2023 PRE Alterações no Manual de Administração de Risco - Reenq Posição - Limite de Mercado (PT).pdf,2023-03-16|029-2023-PRE-Ofício Circular.pdf,,,,,,,,,,,,
2023-03-16,020-2023-VNC-Comunicado Externo,https://www.b3.com.br/data/files/30/D2/69/7F/2EBE6810FAAA1D68AC094EA8/CE 020-2023-VNC Sessão Negociação Simulada PUMA Trading System_25032023.pdf,2023-03-16|020-2023-VNC-Comunicado Externo.pdf,,,,,,,,,,,,
2023-03-09,028-2023-PRE-Ofício Circular,https://www.b3.com.br/data/files/A6/62/80/29/1D6C6810DE2C7168AC094EA8/OC 028-2023 PRE  Alteração do Parâmetro dos Túneis de Rejeição de Empréstimo (PT).pdf,2023-03-09|028-2023-PRE-Ofício Circular.pdf,,,,,,,,,,,,
2023-03-07,026-2023-PRE-Ofício Circular,https://www.b3.com.br/data/files/7E/04/A8/4F/A9DB6810DE2C7168AC094EA8/OC 026-2023 PRE  Identificação do Cliente na Central de Atendimento da Negociação (PT).pdf,2023-03-07|026-2023-PRE-Ofício Circular.pdf,,,,,,,,,,,,
2023-03-02,025-2023-PRE-Ofício Circular,https://www.b3.com.br/data/files/08/76/86/6D/034A6810DE2C7168AC094EA8/OC 025-2023 PRE  Realocação de Limites Entre Mercado - Aumento - SEQL3 e MOVI3 (PT).pdf,2023-03-02|025-2023-PRE-Ofício Circular.pdf,,,,,,,,,,,,
2023-03-02,024-2023-PRE-Ofício Circular,https://www.b3.com.br/data/files/B0/82/2B/60/C63A6810DE2C7168AC094EA8/OC 024-2023 PRE Alterações no Manual de Adm de Risco da Câmara B3 - Condições de dispensa - desenquadramento...(PT).pdf,2023-03-02|024-2023-PRE-Ofício Circular.pdf,,,,,,,,,,,,
2023-02-28,016-2023-VNC-Comunicado Externo,https://www.b3.com.br/data/files/14/50/F6/0B/93996810DE2C7168AC094EA8/CE 016-2023-VNC Inclusão de novo dominio opcional no arquivo BVBG.028.pdf,2023-02-28|016-2023-VNC-Comunicado Externo.pdf,,,,,,,,,,,,
2023-02-28,014-2023-VNC-Comunicado Externo,https://www.b3.com.br/data/files/4A/17/52/C1/33996810DE2C7168AC094EA8/CE 014-2023-VNC Market Data B3_Atualização Template FAST (2).pdf,2023-02-28|014-2023-VNC-Comunicado Externo.pdf,,,,,,,,,,,,
2023-02-28,006-2023-PRE-Comunicado Externo,https://www.b3.com.br/data/files/06/01/74/F7/D8896810DE2C7168AC094EA8/CE 006-2023 PRE + ANEXO Percentual de tolerância máxima de ausência de ordem - Ciclo de auditorias de 2023 (PT).pdf,2023-02-28|006-2023-PRE-Comunicado Externo.pdf,,,,,,,,,,,,
2023-02-28,023-2023-PRE-Ofício Circular,https://www.b3.com.br/data/files/41/42/6C/4C/44996810DE2C7168AC094EA8/OC 023-2023 PRE Inclusão de nota explicativa Manual de Definições e Procedimentos...(PT).pdf,2023-02-28|023-2023-PRE-Ofício Circular.pdf,,,,,,,,,,,,
2023-02-23,021-2023-PRE-Ofício Circular,https://www.b3.com.br/data/files/C6/06/25/8C/4CE76810DE2C7168AC094EA8/OC 021-2023 PRE Sinacor - Publicação da Nova Política de Tarifação Base (PT).pdf,2023-02-23|021-2023-PRE-Ofício Circular.pdf,,,,,,,,,,,,
2023-02-23,020-2023-PRE-Ofício Circular,https://www.b3.com.br/data/files/BC/A4/F3/E4/ABE76810DE2C7168AC094EA8/OC 020-2023 PRE Manual de Acesso B3 - Requisitos de acesso IPCA 2022 (PT).pdf,2023-02-23|020-2023-PRE-Ofício Circular.pdf,,,,,,,,,,,,
2023-02-16,013-2023-VNC-Comunicado Externo,https://www.b3.com.br/data/files/BA/F4/95/13/89A56810DE2C7168AC094EA8/CE 013-2023-VNC Teste PCO PUMA_09032023.pdf,2023-02-16|013-2023-VNC-Comunicado Externo.pdf,,,,,,,,,,,,
2023-02-16,019-2023-PRE-Ofício Circular,https://www.b3.com.br/data/files/03/D1/C6/EF/A6B56810DE2C7168AC094EA8/OC 019-2023 PRE FM BRML3 e SULA11 (PT).pdf,2023-02-16|019-2023-PRE-Ofício Circular.pdf,,,,,,,,,,,,
2023-02-09,018-2023-PRE-Ofício Circular,https://www.b3.com.br/data/files/E2/B6/96/76/24636810DE2C7168AC094EA8/OC 018-2023 PRE Alteração no Horário do Call de Fechamento do Futuro de DAX (DAX) e Euro Stoxx 50 (ESX) (Port).pdf,2023-02-09|018-2023-PRE-Ofício Circular.pdf,,,,,,,,,,,,
2023-02-07,016-2023-PRE-Ofício Circular,https://www.b3.com.br/data/files/18/05/3B/38/41C26810DE2C7168AC094EA8/OC 016-2023 PRE Alteração no Call Eletrônico de Forward Rate Agreement de Cupom Cambial (FRC) (PT).pdf,2023-02-07|016-2023-PRE-Ofício Circular.pdf,,,,,,,,,,,,
2023-02-02,011-2023-VNC-Comunicado Externo,https://www.b3.com.br/data/files/04/F7/68/E5/B72168101BBF1068AC094EA8/CE 011-2023-VNC Sessão Negociação Simulada PUMA Trading System_11022023_REVISADO_v1.pdf,2023-02-02|011-2023-VNC-Comunicado Externo.pdf,,,,,,,,,,,,
2023-02-02,010-2023-VNC-Comunicado Externo,https://www.b3.com.br/data/files/96/E6/CC/9F/B62168101BBF1068AC094EA8/CE 010-2023-VNC Disponibilização do Novo Trading Data Portal (TRDP) em Produção_REVISADO_revNM.pdf,2023-02-02|010-2023-VNC-Comunicado Externo.pdf,,,,,,,,,,,,
2023-01-31,012-2023-PRE-Ofício Circular,https://www.b3.com.br/data/files/93/B6/46/A3/9A9068101BBF1068AC094EA8/OC 012-2023 PRE Realocação de Limites Entre Mercado - Aumento - MOVI3  (PT).pdf,2023-01-31|012-2023-PRE-Ofício Circular.pdf,,,,,,,,,,,,
2023-01-26,009-2023-VNC-Comunicado Externo,https://www.b3.com.br/data/files/6D/43/60/AD/4EFE5810F534EB48AC094EA8/CE 009-2023-VNC Market Data B3 - Migração do contrato futuro míni de Dólar para o Canal 11.pdf,2023-01-26|009-2023-VNC-Comunicado Externo.pdf,,,,,,,,,,,,
2023-01-26,008-2023-VNC-Comunicado Externo,https://www.b3.com.br/data/files/69/E2/0A/D3/2EFE5810F534EB48AC094EA8/CE 008-2023-VNC Market Data B3 Postergação da migração de instrumentos entre canais_REVISADO.pdf,2023-01-26|008-2023-VNC-Comunicado Externo.pdf,,,,,,,,,,,,
2023-01-24,006-2023-PRE-Ofício Circular,https://www.b3.com.br/data/files/F4/B0/8D/63/CB4E5810F534EB48AC094EA8/OC 006-2023 PRE Alterações nos Normativos ...Feriado Extraordinário (PT).pdf,2023-01-24|006-2023-PRE-Ofício Circular.pdf,,,,,,,,,,,,
2023-01-20,005-2023-PRE-Ofício Circular,https://www.b3.com.br/data/files/EF/C1/EC/AF/75FC5810F534EB48AC094EA8/OC 005-2023 PRE Novo título público do Tesouro Direto - Tesouro RendA+ (PT).pdf,2023-01-20|005-2023-PRE-Ofício Circular.pdf,,,,,,,,,,,,
2023-01-20,004-2023-PRE-Ofício Circular,https://www.b3.com.br/data/files/2D/70/0E/0A/E4FC5810F534EB48AC094EA8/OC 004-2023-PRE Política de tarifação do Tesouro Direto (PT).pdf,2023-01-20|004-2023-PRE-Ofício Circular.pdf,,,,,,,,,,,,
2023-01-19,002-2023-PRE-Comunicado Externo,https://www.b3.com.br/data/files/F7/56/8F/A8/F3AC5810F534EB48AC094EA8/CE 002-2023 PRE +ANEXO Atualização da Norma de Supervisão da BSM referente à operação de empréstimo de valores mobiliários (PT) .pdf,2023-01-19|002-2023-PRE-Comunicado Externo.pdf,,,,,,,,,,,,
2023-01-19,003-2023-VPC-Comunicado Externo,https://www.b3.com.br/data/files/1A/44/75/15/88BC5810F534EB48AC094EA8/CE 003-2023-VPC Serviço de Registro de Recebíveis de Cartão.pdf,2023-01-19|003-2023-VPC-Comunicado Externo.pdf,,,,,,,,,,,,
2023-01-19,006-2023-VNC-Comunicado Externo,https://www.b3.com.br/data/files/27/46/F3/1D/F6AC5810F534EB48AC094EA8/CE 006-2023-VNC Sessão Negociação Simulada PUMA Trading System_28012023.pdf,2023-01-19|006-2023-VNC-Comunicado Externo.pdf,,,,,,,,,,,,
2023-01-17,005-2023-VNC-Comunicado Externo,https://www.b3.com.br/data/files/2C/82/4B/6F/E01C5810F534EB48AC094EA8/CE 005-2023-VNC Rolagem Pares de Moeda em USD e EDS Fase 2.pdf,2023-01-17|005-2023-VNC-Comunicado Externo.pdf,,,,,,,,,,,,
2023-01-10,004-2023-VNC-Comunicado Externo,https://www.b3.com.br/data/files/CB/62/F1/BD/5DC95810F534EB48AC094EA8/CE 004-2023-VNC MigracaoMktData.pdf,2023-01-10|004-2023-VNC-Comunicado Externo.pdf,,,,,,,,,,,,
2023-01-10,003-2023-VNC-Comunicado Externo,https://www.b3.com.br/data/files/92/31/AE/59/0DC95810F534EB48AC094EA8/CE 003-2023-VNC CVA_Previsão de Falhas.pdf,2023-01-10|003-2023-VNC-Comunicado Externo.pdf,,,,,,,,,,,,
2023-01-10,001-2023-PRE-Ofício Circular,https://www.b3.com.br/data/files/CA/C7/5F/27/E0C95810F534EB48AC094EA8/OC 001-2023 PRE Atualização no Regulamento do Balcão B3 (PT) .pdf,2023-01-10|001-2023-PRE-Ofício Circular.pdf,,,,,,,,,,,,
2023-01-05,002-2023-VNC-Ofício Circular,https://www.b3.com.br/data/files/A9/97/AE/05/61385810F534EB48AC094EA8/OC 002-2023-VNC Atualização dos Valores de Contribuilção do FLI _2023.pdf,2023-01-05|002-2023-VNC-Ofício Circular.pdf,,,,,,,,,,,,
2023-01-05,003-2023-VPC-Ofício Circular,https://www.b3.com.br/data/files/D0/06/85/8D/11385810F534EB48AC094EA8/OC 003-2023-VPC Alteração de cotas de FII elegíveis ao empréstimo.pdf,2023-01-05|003-2023-VPC-Ofício Circular.pdf,,,,,,,,,,,,
2023-01-03,001-2023-VPC-Ofício Circular,https://www.b3.com.br/data/files/D8/12/FA/E7/C1975810F534EB48AC094EA8/OC 001-2023-VPC Alteração dos Parâmetros de Atuação do Programa FM BRML3.pdf,2023-01-03|001-2023-VPC-Ofício Circular.pdf,,,,,,,,,,,,
